sheet,rowNumber,catalogTitle,matchType,firebaseId,firebaseTitle,regularPrice,salePrice,compareAtPrice,inventoryQuantity,available,beforeAfter
"Master Catalog","2","Ruby Necklace (Othonna capensis) &#8212; Purple Red Trailing Succulent","missing","","","99","59","99","","true",""
"Master Catalog","3","Echeveria Menina &#8212; Soft Pastel Pink Ruffled Rosette Succulent","missing","","","119","79","119","","true",""
"Master Catalog","4","Sedum Nussaumerianum &#8212; Warm Yellow Orange Trailing Stonecrop","missing","","","109","69","109","","true",""
"Master Catalog","5","Echeveria Pallida &#8212; Elegant Large Pale Green Ruffled Rosette","missing","","","139","89","139","","true",""
"Master Catalog","6","Haworthiopsis Reinwardtii &#8212; Zebra Wart Striped Indoor Succulent","missing","","","240","159","240","","true",""
"Master Catalog","7","String of Bananas (Senecio radicans) &#8212; Blue Green Fishhook Trailer","missing","","","89","59","89","","true",""
"Master Catalog","8","Echeveria Prolifica &#8212; Fast Clustering Offset Rich Rosette","missing","","","139","79","139","","true",""
"Master Catalog","9","White Cylindrical Pot with Geometric Design Plant Container Set","title","white-cylindrical-pot-with-geometric-design-plant-container-set","White Cylindrical Pot with Geometric Design Plant Container Set","430","300","430","","true","{""before"":{""price"":300,""compareAtPrice"":430,""available"":true,""availability"":null,""status"":""active""},""after"":{""price"":300,""compareAtPrice"":430,""available"":true,""availability"":""InStock"",""status"":""active""}}"
"Master Catalog","10","Mammillaria Spinosissima &#8212; Red Spine Pincushion Cactus","missing","","","279","179","279","","true",""
"Master Catalog","11","Mammillaria Elongata &#8212; Gold Lace Clustering Cactus","missing","","","210","139","210","","true",""
"Master Catalog","12","Echinopsis Calochlora &#8212; Flowering Globe Cactus","missing","","","220","139","220","","true",""
"Master Catalog","13","Echeveria Agavoides &#8212; Geometric Waxy Red Tipped Rosette Succulent","missing","","","200","119","200","","true",""
"Master Catalog","14","Echeveria Agavoides Santa &#8212; Deep Red Waxy Pointed Rosette Succulent","missing","","","199","119","199","","true",""
"Master Catalog","15","Combo 4 - The Radiant Rosette Collection","title","combo-4-pretty-succulents","Combo 4 - The Radiant Rosette Collection","349","349","349","","true","{""before"":{""price"":349,""compareAtPrice"":0,""available"":true,""availability"":null,""status"":""active""},""after"":{""price"":349,""compareAtPrice"":349,""available"":true,""availability"":""InStock"",""status"":""active""}}"
"Master Catalog","16","Sedum Sexangulare &#8212; Tasteless Stonecrop Hardy Ground Cover Succulent","missing","","","60","39","60","","false",""
"Master Catalog","17","Pachyveria 'Clavifolia' &#8212; Thick Club Leaf Pastel Hybrid Rosette","missing","","","130","89","130","","true",""
"Master Catalog","18","Cobweb Houseleek (Sempervivum arachnoideum) &#8212; Frost Hardy Succulent","missing","","","139","89","139","","true",""
"Master Catalog","19","Graptopetalum Superbum &#8212; Lavender Pink Ghost Plant Rosette","missing","","","159","99","159","","true",""
"Master Catalog","20","Christmas Cactus (Schlumbergera truncata) &#8212; Flowering Holiday Cactus","missing","","","119","79","119","","true",""
"Master Catalog","21","Houseleek (Sempervivum) &#8212; Hardy Outdoor Clustering Rosette","missing","","","190","129","190","","true",""
"Master Catalog","22","Gasteria &#8212; Best Low Light Indoor Succulent","missing","","","150","99","150","","true",""
"Master Catalog","23","Sedum Treleasei &#8212; Silver Blue Plump Leaf Stonecrop","missing","","","120","79","120","","true",""
"Master Catalog","24","Wandering Jew (Tradescantia zebrina) &#8212; Silver Green Striped Trailer","missing","","","60","39","60","","false",""
"Master Catalog","25","Elephant Bush (Portulacaria afra) &#8212; Bonsai Jade Succulent","missing","","","79","39","79","","true",""
"Master Catalog","26","Crassula Campfire &#8212; Red Green Colour Changing Succulent","missing","","","80","49","80","","true",""
"Master Catalog","27","Crassula Campfire Variegated &#8212; Green Yellow Colour Changing Succulent","missing","","","150","89","150","","true",""
"Master Catalog","28","Faucaria Tigrina &#8212; Tiger Jaw Flowering Mesemb Succulent","missing","","","149","99","149","","true",""
"Master Catalog","29","Moonstone (Pachyphytum oviferum) &#8212; Pearl White Egg Leaf Succulent","missing","","","120","79","120","","true",""
"Master Catalog","30","Echeveria Agavoides 'Romeo' &#8212; Deep Burgundy Red Premium Rosette","missing","","","250","149","250","","true",""
"Master Catalog","31","Watch Chain Crassula (Crassula muscosa) &#8212; Zipper Textured Succulent","missing","","","100","49","100","","true",""
"Master Catalog","32","Kalanchoe Marnieriana &#8212; Marnier's Stacked Disc Blue Pink Succulent","missing","","","109","69","109","","true",""
"Master Catalog","33","Echeveria Melaco &#8212; Vivid Multi-Colour Gradient Rosette Succulent","missing","","","150","99","150","","true",""
"Master Catalog","34","Echeveria Perle von Nurnberg &#8212; Purple Iridescent Premium Rosette","missing","","","170","99","170","","true",""
"Master Catalog","35","Molded Wax (Echeveria agavoides) &#8212; Geometric Waxy Red Tipped Rosette","missing","","","169","99","169","","true",""
"Master Catalog","36","Echeveria Harmsii &#8212; Red Velvet Fuzzy Textured Rosette","missing","","","110","69","110","","false",""
"Master Catalog","37","Sedum Green Mini &#8212; Compact Bright Green Clustering Stonecrop","missing","","","90","59","90","","true",""
"Master Catalog","38","Mother of Thousands (Kalanchoe daigremontiana)","title","mother-of-thousand","Mother of Thousands (Kalanchoe daigremontiana)","79","49","79","","true","{""before"":{""price"":49,""compareAtPrice"":79,""available"":true,""availability"":null,""status"":""active""},""after"":{""price"":49,""compareAtPrice"":79,""available"":true,""availability"":""InStock"",""status"":""active""}}"
"Master Catalog","39","Adromischus Cooperi &#8212; Plover Egg Spotted Leaf Succulent","missing","","","139","89","139","","true",""
"Master Catalog","40","Combo 3 - Hanging","title","combo-3-hanging","Combo 3 - Hanging","289","289","289","","true","{""before"":{""price"":289,""compareAtPrice"":0,""available"":true,""availability"":null,""status"":""active""},""after"":{""price"":289,""compareAtPrice"":289,""available"":true,""availability"":""InStock"",""status"":""active""}}"
"Master Catalog","41","Echeveria Ghost (E. lilacina &#215; E. colorata) &#8212; Silver Lilac Hybrid Rosette","missing","","","129","79","129","","true",""
"Master Catalog","42","Pencil Cactus (Euphorbia tirucalli) &#8212; Architectural Branching Succulent","missing","","","199","129","199","","true",""
"Master Catalog","43","Echeveria Frill Curls &#8212; Ruffled Frilled Edge Decorative Rosette Succulent","missing","","","199","139","199","","true",""
"Master Catalog","44","Echeveria Desmetiana &#8212; Blue Pink Powdery Large Rosette Succulent","missing","","","189","129","189","","true",""
"Master Catalog","45","Echeveria Pink Border &#8212; Soft Pink Edged Pale Green Rosette Succulent","missing","","","200","139","200","","true",""
"Master Catalog","46","Jade Plant (Crassula ovata) &#8212; Lucky Vastu Money Plant","missing","","","60","39","60","","true",""
"Master Catalog","47","Panda Plant (Kalanchoe tomentosa) &#8212; Fuzzy Silver Velvet Leaf Succulent","missing","","","159","99","159","","true",""
"Master Catalog","48","Echeveria Hookeri &#8212; Graceful Large Green Rare Species Rosette","missing","","","230","140","230","","true",""
"Master Catalog","49","Echeveria Elegans &#8212; Mexican Snowball Classic Pastel Beginner Rosette","missing","","","199","129","199","","true",""
"Master Catalog","50","Flapjack Paddle Plant (Kalanchoe thyrsiflora) &#8212; Red Edge Succulent","missing","","","159","99","159","","true",""
"Master Catalog","51","Burro's Tail (Sedum morganianum) &#8212; Long Cascading Trailing Succulent","missing","","","159","99","159","","true",""
"Master Catalog","52","Crown Cactus (Rebutia) &#8212; Orange Blooming Cluster Cactus","missing","","","199","129","199","","true",""
"Master Catalog","53","Hens and Chicks (Sempervivum tectorum) &#8212; Hardy Clustering Rosette","missing","","","130","89","130","","true",""
"Master Catalog","54","Echeveria Colorata 'Blue Prince' &#8212; Steel Blue Farina Rosette","missing","","","149","99","149","","false",""
"Master Catalog","55","Pachyphytum oviferum &#8212; Pearl White Egg Leaf Rare Succulent","missing","","","139","79","139","","true",""
"Master Catalog","56","Bergeranthus Concavus &#8212; Rare South African Clustering Succulent","missing","","","209","119","209","","true",""
"Master Catalog","57","Green Campfire Crassula &#8212; Stacked Green Leaf Succulent","missing","","","79","49","79","","true",""
"Master Catalog","58","Echinopsis subdenudata &#8212; Giromagi White Flowering Cactus","missing","","","159","99","159","","true",""
"Master Catalog","59","Pink Moonstone (Pachyphytum oviferum) &#8212; Pearl Pink Egg Leaf Rare Succulent","missing","","","199","149","199","","true",""
"Master Catalog","60","Haworthia Herbacea _ - Best Low Light Succulent","title","haworthia-herbacea","Haworthia Herbacea _- Best Low Light Succulent","119","79","119","","true","{""before"":{""price"":79,""compareAtPrice"":119,""available"":true,""availability"":null,""status"":""active""},""after"":{""price"":79,""compareAtPrice"":119,""available"":true,""availability"":""InStock"",""status"":""active""}}"
"Master Catalog","61","Haworthia attenuata - Best Low Light Succulent","title","haworthia-attenuata","Haworthia attenuata -  Best Low Light Succulent","179","129","179","","false","{""before"":{""price"":129,""compareAtPrice"":179,""available"":false,""availability"":null,""status"":""sold out""},""after"":{""price"":129,""compareAtPrice"":179,""available"":false,""availability"":""OutOfStock"",""status"":""sold out""}}"
"Master Catalog","62","Sedum Pachyphyllum &#8212; Jelly Bean Red Tip Trailing Stonecrop","missing","","","110","69","110","","true",""
"Master Catalog","63","Donkey Tail (Sedum burrito) &#8212; Compact Indoor Hanging Succulent","missing","","","149","99","149","","false",""
"Master Catalog","64","Echeveria 'Blue Surprise' &#8212; Lavender Blue Premium Rosette Succulent","missing","","","329","199","329","","false",""
"Master Catalog","65","Senecio 'Lime Chalkstick' &#8212; Bright Lime Green Finger Succulent","missing","","","130","89","130","","true",""
"Master Catalog","66","Sedum Adolphii 'Lime Gold' &#8212; Yellow Orange Golden Glow Stonecrop","missing","","","109","69","109","","true",""
"Master Catalog","67","Thimble Cactus (Mammillaria gracilis) &#8212; White Ball Clustering Cactus","missing","","","179","119","179","","true",""
"Master Catalog","68","Haworthiopsis Attenuata &#8212; Zebra Haworthia Low Light Succulent","missing","","","170","99","170","","true",""
"Master Catalog","69","Mammillaria Prolifera &#8212; Silver Lace Flowering Cluster Cactus","missing","","","199","129","199","","true",""
"Master Catalog","70","Graptoveria Lovely Rose &#8212; Pink Lavender Hybrid Rosette","missing","","","190","129","190","","true",""
"Master Catalog","71","Aeonium Haworthii &#8212; Pinwheel Blue Green Variegated Rosette","missing","","","120","69","120","","true",""
"Master Catalog","72","Bunny Ear Yellow Cactus (Opuntia microdasys) &#8212; Golden Yellow Polka Dot Cactus","missing","","","120","79","120","","true",""
"Master Catalog","73","Echeveria Lilacina &#8212; Ghost Echeveria Silver White Porcelain Rosette","missing","","","150","99","150","","true",""
"Master Catalog","74","Echeveria Onslow &#8212; Pink Tipped Pale Green Compact Rosette Succulent","missing","","","170","119","170","","true",""
"Master Catalog","75","Vishnu Kamal (Sempervivum) &#8212; Sacred Vastu Rosette Succulent","missing","","","219","139","219","","true",""
"Master Catalog","76","String of Tears (Senecio herreianus) &#8212; Teardrop Trailing Succulent","missing","","","79","39","79","","true",""
"Master Catalog","77","Jelly Bean Succulent (Sedum rubrotinctum) &#8212; Red Tip Plump Stonecrop","missing","","","109","69","109","","true",""
"Master Catalog","78","String of Pearls (Senecio rowleyanus) &#8212; Cascading Trailing Succulent","missing","","","90","59","90","","true",""
"Master Catalog","79","Graptopetalum Amethystinum &#8212; Lavender Jewel Pebble Rare Succulent","missing","","","109","59","109","","true",""
"Master Catalog","80","Haworthia Cymbiformis Pallida &#8212; Translucent Window Leaf Succulent","missing","","","150","89","150","","true",""
"Master Catalog","81","Echeveria 'Starlite' &#8212; Glowing White Silver Premium Rosette","missing","","","169","99","169","","true",""
"Master Catalog","82","Variegated Jade Plant (Crassula ovata) &#8212; Lucky Cream Green Money Plant","missing","","","220","129","220","","true",""
"Master Catalog","83","Textured Matt Ceramic Round Succulent Planter Pot, Matt Beige, 11.5 x 8 cm, Indoor Decor","title","textured-matt-ceramic-round-succulent-planter-pot-matt-beige-11-5-x-8-cm-indoor-decor","Textured Matt Ceramic Round Succulent Planter Pot, Matt Beige, 11.5 x 8 cm, Indoor Decor","469","300","469","","true","{""before"":{""price"":300,""compareAtPrice"":469,""available"":true,""availability"":null,""status"":""active""},""after"":{""price"":300,""compareAtPrice"":469,""available"":true,""availability"":""InStock"",""status"":""active""}}"
"Master Catalog","84","Crassula Perforata Variegata &#8212; Cream Green String of Buttons","missing","","","190","129","190","","true",""
"Master Catalog","85","Baby Sunrose (Aptenia cordifolia) &#8212; Flowering Ground Cover Succulent","missing","","","79","39","79","","true",""
"Master Catalog","86","Combo 5 - The Prosperity Bundle","title","combo-5-the-prosperity-bundle","Combo 5 - The Prosperity Bundle","389","389","389","","true","{""before"":{""price"":389,""compareAtPrice"":0,""available"":true,""availability"":null,""status"":""active""},""after"":{""price"":389,""compareAtPrice"":389,""available"":true,""availability"":""InStock"",""status"":""active""}}"
"Master Catalog","87","English Ivy (Hedera helix) &#8212; Air Purifying Trailing Indoor Vine","missing","","","70","49","70","","false",""
"Master Catalog","88","Echeveria subsessilis &#8212; The Morning Beauty Blue Rosette Succulent","missing","","","199","129","199","","true",""
"Master Catalog","89","Zebra Haworthia (Haworthiopsis attenuata) &#8212; Best Low Light Succulent","missing","","","150","89","150","","true",""
"Master Catalog","90","Laxmi Kamal (Sempervivum calcareum) &#8212; Sacred Vastu Rosette Succulent","missing","","","79","39","79","","true",""
"Master Catalog","91","Gollum Jade (Crassula ovata) &#8212; Vastu Trumpet Leaf Lucky Succulent","missing","","","79","39","79","","true",""
"Master Catalog","92","Aeonium Castello-Paivae &#8212; Dwarf Variegated Branching Rosette Succulent","missing","","","129","75","129","","true",""
"Master Catalog","93","Crassula Swaziensis &#8212; Compact Red Edge Green Branching Succulent","missing","","","60","39","60","","true",""
"Master Catalog","94","Kalanchoe Millotii &#8212; Soft Silver Velvety Scalloped Leaf Succulent","missing","","","109","69","109","","true",""
"Master Catalog","95","Echeveria 'Red Hole' &#8212; Bold Red Edged Dramatic Rosette","missing","","","310","199","310","","false",""
"Master Catalog","96","Gasteraloe Limpopo &#8212; Rare Hardy Low Light Hybrid Succulent","missing","","","170","99","170","","true",""
"Master Catalog","97","Aeonium Arboreum &#8212; Dark Burgundy Tree Rosette Succulent","missing","","","170","119","170","","true",""
"Master Catalog","98","Pachyveria Scheideckeri &#8212; Pastel Pink Thick Leaf Hybrid Rosette","missing","","","160","109","160","","true",""
"Master Catalog","99","Echeveria 'Topsy Turvy' (Runyonii) &#8212; Curled Sculptural Rosette","missing","","","150","89","150","","true",""
"Master Catalog","100","Echeveria Purpusorum &#8212; Spotted Geometric Collector Rosette","missing","","","190","129","190","","true",""
"Master Catalog","101","Echeveria 'Cubic Frost' &#8212; Ruffled Purple Lavender Rosette","missing","","","140","99","140","","true",""
"Master Catalog","102","Mammillaria &#8212; Pincushion Flowering Globe Cactus","missing","","","180","119","180","","true",""
"Master Catalog","103","Crassula Baby Necklace &#8212; Stacked Round Leaf Trailing Succulent","missing","","","149","99","149","","true",""
"Master Catalog","104","Aeonium Kiwi &#8212; Tricolor Pink Green Yellow Rosette","missing","","","150","99","150","","true",""
"Master Catalog","105","Kalanchoe Blossfeldiana &#8212; Flowering Indoor Succulent","missing","","","109","69","109","","true",""
"Master Catalog","106","Echeveria Amoena &#8212; Compact Clustering Blue Pink Rosette Succulent","missing","","","209","139","209","","true",""
"Master Catalog","107","Blue Chalksticks (Senecio serpens) &#8212; Powdery Blue Finger Succulent","missing","","","90","59","90","","true",""
"Master Catalog","108","Moon Fairy (Echeveria colorata) &#8212; Silver Frosted Large Rosette","missing","","","159","99","159","","true",""
"Master Catalog","109","Echeveria Pallida Variegated &#8212; Pink Edge Cream Variegated Rosette","missing","","","219","129","219","","true",""
"Master Catalog","110","Echeveria Blue Bird &#8212; Powder Blue Pink Edge Large Rosette","missing","","","149","99","149","","false",""
"Master Catalog","111","Peanut Cactus (Echinopsis chamaecereus) &#8212; Orange Blooming Cactus","missing","","","120","79","120","","true",""
"Master Catalog","112","Lace Aloe (Aristaloe aristata) &#8212; Low Light Compact Flowering Aloe","missing","","","159","99","159","","true",""
"Master Catalog","113","Chinese Dunce Cap (Orostachys iwarenge) &#8212; Rare Conical Succulent","missing","","","139","79","139","","true",""
"Master Catalog","114","Chocolate Sedum (Sedum spathulifolium) &#8212; Burgundy Rosette Succulent","missing","","","79","49","79","","true",""
"Master Catalog","115","Red Pagoda (Crassula capitella) &#8212; Geometric Stacking Succulent","missing","","","119","79","119","","true",""
"Master Catalog","116","Variegated Baby Sunrose &#8212; Cream Green Flowering Trailer","missing","","","89","49","89","","true",""
"Master Catalog","117","Pink Wandering Jew (Tradescantia) &#8212; Blush Pink Trailing Succulent","missing","","","119","79","119","","true",""
"Master Catalog","118","Purple Wandering Jew (Tradescantia pallida) &#8212; Deep Purple Trailer","missing","","","209","139","209","","false",""
"Master Catalog","119","Combo 2 - Cactus","title","combo-2-cactus","Combo 2 - Cactus","389","389","389","","true","{""before"":{""price"":389,""compareAtPrice"":0,""available"":true,""availability"":null,""status"":""active""},""after"":{""price"":389,""compareAtPrice"":389,""available"":true,""availability"":""InStock"",""status"":""active""}}"
"Master Catalog","120","Crassula Perforata &#8212; String of Buttons Stacked Geometric Succulent","missing","","","129","79","129","","true",""
"Master Catalog","121","Austrocephalocereus Dybowskii &#8212; Silver White Hair Column Cactus","missing","","","209","139","209","","true",""
"Master Catalog","122","Golden Moss &#8212; Aromatic Kitchen Herb and Mosquito Repellent Plant","missing","","","89","59","89","","false",""
"Master Catalog","123","Crassula Sarmentosa &#8212; Fast Trailing Red Edge Balcony Jade Succulent","missing","","","110","69","110","","true",""
"Master Catalog","124","Pachyphytum Compactum &#8212; Rare Faceted Jewel Geometric Leaf Succulent","missing","","","119","45","119","","true",""
"Master Catalog","125","Orbea Semota &#8212; Exotic Star Flower Blooming Succulent","missing","","","139","89","139","","true",""
"Master Catalog","126","Echeveria 'Pink Crystal' &#8212; Rare Pink Variegated Premium Rosette","missing","","","319","189","319","","false",""
"Master Catalog","127","Mammillaria Zeilmanniana &#8212; Pink Crown Flowering Pincushion Cactus","missing","","","200","129","200","","false",""
"Master Catalog","128","Variegated Gollum Jade (Crassula ovata) &#8212; Rare Yellow Green Succulent","missing","","","170","99","170","","true",""
"Master Catalog","129","Bear's Paw (Cotyledon tomentosa) &#8212; Fuzzy Red Tipped Leaf Succulent","missing","","","200","129","200","","false",""
"Master Catalog","130","Exotic Wandering Jew (Tradescantia) &#8212; Fast Trailing Succulent","missing","","","119","79","119","","true",""
"Master Catalog","131","Combo 1 - Vastu","title","combo-1-vastu","Combo 1 - Vastu","249","249","249","","true","{""before"":{""price"":249,""compareAtPrice"":null,""available"":true,""availability"":null,""status"":""active""},""after"":{""price"":249,""compareAtPrice"":249,""available"":true,""availability"":""InStock"",""status"":""active""}}"
"Master Catalog","132","Fairy Castle Cactus (Acanthocereus tetragonus)","title","fairy-castle-cactus","Fairy Castle Cactus (Acanthocereus tetragonus)","150","99","150","","true","{""before"":{""price"":99,""compareAtPrice"":150,""available"":true,""availability"":null,""status"":""active""},""after"":{""price"":99,""compareAtPrice"":150,""available"":true,""availability"":""InStock"",""status"":""active""}}"
"Master Catalog","133","Cathedral Window Haworthia (Haworthia cymbiformis) &#8212; Translucent Window Leaf Low Light Succulent","missing","","","159","89","159","","true",""
"Master Catalog","134","Bunny Ear White Cactus (Opuntia) &#8212; White Polka Dot Indoor Cactus","missing","","","100","69","100","","true",""
"Master Catalog","135","Echinopsis Oxygona &#8212; Pink Flowering Globe Cactus","missing","","","189","129","189","","true",""
"Master Catalog","136","Combo 6 - The Echeveria Bundle","title","combo-6-the-echeveria-bundle","Combo 6 - The Echeveria Bundle","499","499","499","","true","{""before"":{""price"":499,""compareAtPrice"":0,""available"":true,""availability"":null,""status"":""active""},""after"":{""price"":499,""compareAtPrice"":499,""available"":true,""availability"":""InStock"",""status"":""active""}}"
"Master Catalog","137","Corpuscularia Lehmannii &#8212; Rare Baby Toes Window Leaf Succulent","missing","","","120","69","120","","true",""
"Master Catalog","138","Tiger Tooth Aloe (Aloe juvenna) &#8212; Spiky Clustering Mini Aloe","missing","","","140","99","140","","true",""
"Master Catalog","139","Panda Plant Cutting (Kalanchoe tomentosa) &#8212; Propagation Starter","missing","","","150","99","150","","true",""
"Master Catalog","140","Variegated String of Pearls (Senecio rowleyanus) &#8212; Rare Beaded Trailer","missing","","","119","69","119","","true",""
"Master Catalog","141","Kalanchoe fedtschenkoi &#8212; Lavender Scallop Pink Edge Succulent","missing","","","119","79","119","","true",""
"Master Catalog","142","Variegated Wandering Jew (Tradescantia) &#8212; Cream Green Striped Trailer","missing","","","119","69","119","","true",""
"Master Catalog","143","Variegated Elephant Bush &#8212; Cream Green Bonsai Succulent","missing","","","100","59","100","","true",""
"Master Catalog","144","Bunny Ear Red Cactus (Opuntia) &#8212; Red Polka Dot Decorative Cactus","missing","","","119","79","119","","true",""
"Master Catalog","145","Echeveria Chihuahuensis &#8212; Pink Tipped Blue Green Compact Rosette Succulent","missing","","","219","139","219","","true",""
"Master Catalog","146","Echeveria Tippy &#8212; Classic Pink Tipped Blue Rosette Succulent","missing","","","229","159","229","","true",""